customer_id,full_name,date_of_birth,ssn_last4,kyc_status,risk_rating
CUST00001,Linda Martinez,2004-04-29,3814,VERIFIED,MEDIUM
CUST00002,Carlos Patel,12/09/1969,6065,VERIFIED,LOW
CUST00003,Robert Mensah,12/14/1968,8751,REVIEW,LOW
CUST00004,Carlos Nguyen,30-Aug-1959,9125,VERIFIED,LOW
CUST00005,Linda Johnson,07-Jan-1950,6572,VERIFIED,LOW
CUST00006,Olga Chen,12/06/1963,8179,PENDING,MEDIUM
CUST00007,David Jones,10/26/1957,9197,,LOW
CUST00008,Aisha Lopez,19970612,5930,VERIFIED,LOW
CUST00009,Fatima Williams,1990-09-18,1796,VERIFIED,LOW
CUST00010,Kwame Williams,19821116,6252,,MEDIUM
CUST00011,David Singh,1992-06-21,1876,REVIEW,HIGH
CUST00012,Maria Brown,09-Dec-1968,7123,VERIFIED,MEDIUM
CUST00013,David Kim,04/17/1945,8317,VERIFIED,LOW
CUST00014,Sun Mensah,04/29/2002,2504,VERIFIED,LOW
CUST00015,Sun Smith,23-May-1993,8005,VERIFIED,LOW
CUST00016,Elizabeth Davis,1977-07-26,3946,,LOW
CUST00017,Fatima Williams,09/07/1952,2103,REVIEW,MEDIUM
CUST00018,Jennifer Rodriguez,19940429,3470,,LOW
CUST00019,Wei Patel,19721219,8479,PENDING,LOW
CUST00020,Linda Williams,30-Mar-1967,0344,,HIGH
CUST00021,Olga Davis,1965-08-24,1163,REVIEW,LOW
CUST00022,Robert Johnson,16-Jul-1965,1160,,LOW
CUST00023,Fatima Miller,12/26/1969,9355,,MEDIUM
CUST00024,Fatima Khan,10/20/1966,1545,VERIFIED,MEDIUM
CUST00025,Aisha Khan,19761014,0887,REVIEW,LOW
CUST00026,Wei Chen,1950-06-10,4073,VERIFIED,LOW
CUST00027,Carlos Jones,19930211,3006,VERIFIED,MEDIUM
CUST00028,Robert Okafor,1967-05-31,0828,REVIEW,HIGH
CUST00029,Robert Davis,04/29/1946,6658,PENDING,MEDIUM
CUST00030,Wei Johnson,03/06/1964,6209,VERIFIED,MEDIUM
CUST00031,Carlos Martinez,19681017,9105,REVIEW,MEDIUM
CUST00032,Michael Martinez,11/21/1958,0958,,HIGH
CUST00033,Maria Johnson,1950-06-21,9571,PENDING,HIGH
CUST00034,Jennifer Johnson,1992-08-25,3044,VERIFIED,HIGH
CUST00035,Linda Nguyen,1951-02-05,9333,VERIFIED,HIGH
CUST00036,Mary Mensah,1998-05-04,6868,REVIEW,HIGH
CUST00037,Sun Chen,17-Sep-1995,3346,REVIEW,LOW
CUST00038,David Nguyen,06/01/1966,4915,PENDING,LOW
CUST00039,James Okafor,1951-07-06,1200,,LOW
CUST00040,David Jones,21-May-1990,1127,VERIFIED,LOW
CUST00041,Jennifer Okafor,27-Jul-1970,8666,VERIFIED,HIGH
CUST00042,Patricia Jones,11-Nov-1971,1891,VERIFIED,HIGH
CUST00043,David Martinez,12/12/1958,5617,VERIFIED,LOW
CUST00044,Fatima Rodriguez,1990-05-06,1512,REVIEW,MEDIUM
CUST00045,Mary Smith,28-Oct-1969,2143,REVIEW,LOW
CUST00046,Carlos Singh,19590701,9189,VERIFIED,LOW
CUST00047,John Singh,1951-10-02,6049,,HIGH
CUST00048,Aisha Jones,1958-04-15,5050,VERIFIED,LOW
CUST00049,Michael Davis,1977-02-06,5794,,MEDIUM
CUST00050,John Davis,09/06/2000,2900,PENDING,LOW
CUST00051,Maria Khan,02/03/1961,4371,VERIFIED,LOW
CUST00052,Mary Ivanov,04/28/1979,3269,PENDING,LOW
CUST00053,Linda Davis,1972-05-19,3164,PENDING,LOW
CUST00054,Robert Rodriguez,30-Dec-1969,8346,PENDING,HIGH
CUST00055,James Brown,17-Sep-1974,2925,,LOW
CUST00056,Patricia Mensah,19480607,5663,REVIEW,LOW
CUST00057,Kwame Kim,1984-02-25,6311,,LOW
CUST00058,Mary Khan,1967-11-08,8518,,LOW
CUST00059,Aisha Williams,04-Sep-1977,5143,REVIEW,LOW
CUST00060,Sun Martinez,19711211,5344,PENDING,LOW
CUST00061,John Miller,19940927,6211,REVIEW,LOW
CUST00062,Olga Martinez,20000322,8977,VERIFIED,LOW
CUST00063,Michael Khan,28-Sep-1970,7618,PENDING,MEDIUM
CUST00064,Sun Ivanov,03/04/1964,1389,VERIFIED,HIGH
CUST00065,Kwame Chen,2004-07-23,3848,REVIEW,LOW
CUST00066,Michael Jones,1965-02-26,0757,VERIFIED,MEDIUM
CUST00067,Robert Okafor,19991104,9431,VERIFIED,MEDIUM
CUST00068,Wei Davis,05/09/1989,0090,VERIFIED,MEDIUM
CUST00069,Jennifer Kim,19640819,0822,,LOW
CUST00070,Carlos Jones,19551121,8702,,HIGH
CUST00071,Carlos Mensah,19730620,8976,PENDING,LOW
CUST00072,Carlos Rodriguez,08/03/1987,4543,,MEDIUM
CUST00073,Linda Rodriguez,20010325,1269,REVIEW,LOW
CUST00074,David Chen,14-Jan-1966,8849,VERIFIED,LOW
CUST00075,Linda Nguyen,07/14/1958,3505,VERIFIED,MEDIUM
CUST00076,Maria Singh,19810727,6812,VERIFIED,LOW
CUST00077,Wei Lopez,1982-09-11,9432,PENDING,MEDIUM
CUST00078,Jose Martinez,19450713,6865,,HIGH
CUST00079,Linda Ivanov,02/14/1999,4471,PENDING,MEDIUM
CUST00080,Wei Chen,19470810,2704,PENDING,LOW
CUST00081,Ravi Smith,20001029,9697,,LOW
CUST00082,Aisha Jones,19520713,2977,VERIFIED,LOW
CUST00083,Maria Miller,19790105,5355,VERIFIED,MEDIUM
CUST00084,Aisha Rodriguez,1969-12-18,7705,VERIFIED,HIGH
CUST00085,Jose Davis,1949-09-03,0659,VERIFIED,LOW
CUST00086,James Mensah,11/20/1962,3908,VERIFIED,MEDIUM
CUST00087,Olga Miller,19550407,4198,VERIFIED,LOW
CUST00088,Kwame Brown,05/11/1999,5096,VERIFIED,HIGH
CUST00089,Elizabeth Lopez,19470422,6498,REVIEW,LOW
CUST00090,Olga Davis,1951-10-27,4941,REVIEW,HIGH
CUST00091,Olga Johnson,11-Nov-1955,8728,PENDING,LOW
CUST00092,Sun Chen,1951-03-10,6882,PENDING,LOW
CUST00093,Jose Okafor,11/23/1983,7135,VERIFIED,HIGH
CUST00094,David Mensah,20030511,7616,PENDING,HIGH
CUST00095,Maria Davis,1969-01-29,4569,PENDING,LOW
CUST00096,Olga Mensah,19860910,5511,VERIFIED,MEDIUM
CUST00097,Jennifer Ivanov,02/28/1974,5813,VERIFIED,LOW
CUST00098,Kwame Rodriguez,1970-02-02,8464,VERIFIED,LOW
CUST00099,Aisha Ivanov,08/27/1966,7800,REVIEW,MEDIUM
CUST00100,James Williams,17-Mar-1985,3630,PENDING,LOW
CUST00101,Olga Patel,19720621,9068,,LOW
CUST00102,Ravi Chen,05-Mar-1983,7434,VERIFIED,LOW
CUST00103,Linda Brown,07/22/1967,5169,VERIFIED,HIGH
CUST00104,Michael Miller,19610811,4530,REVIEW,HIGH
CUST00105,Kwame Martinez,1992-01-26,3180,VERIFIED,LOW
CUST00106,Jennifer Martinez,1977-05-18,8751,VERIFIED,LOW
CUST00107,Mary Singh,31-Jan-1949,2068,REVIEW,MEDIUM
CUST00108,James Lopez,16-Mar-1954,7690,PENDING,MEDIUM
CUST00109,Jennifer Johnson,27-Jul-1975,7827,VERIFIED,LOW
CUST00110,Fatima Williams,1980-12-13,2485,VERIFIED,HIGH
CUST00111,Robert Davis,1972-04-05,9143,PENDING,HIGH
CUST00112,Kwame Davis,19980625,7381,PENDING,LOW
CUST00113,Aisha Martinez,1997-10-19,9988,REVIEW,LOW
CUST00114,Michael Rodriguez,1963-08-23,2573,VERIFIED,LOW
CUST00115,Robert Garcia,1994-07-10,6693,PENDING,HIGH
CUST00116,Elizabeth Johnson,02/28/1987,4720,REVIEW,LOW
CUST00117,Robert Davis,25-Sep-1985,9663,REVIEW,LOW
CUST00118,Patricia Singh,02/21/1983,2441,VERIFIED,LOW
CUST00119,Mary Garcia,29-May-1951,9749,REVIEW,HIGH
CUST00120,Carlos Brown,19701123,4982,REVIEW,MEDIUM
CUST00121,Sun Singh,19690604,7172,VERIFIED,HIGH
CUST00122,Aisha Chen,30-Jul-1948,0423,VERIFIED,LOW
CUST00123,Olga Smith,09-Aug-1996,9441,VERIFIED,LOW
CUST00124,Sun Okafor,19-Mar-1987,2973,,MEDIUM
CUST00125,Fatima Williams,20011213,5700,PENDING,LOW
CUST00126,Patricia Garcia,21-Oct-1973,6744,REVIEW,MEDIUM
CUST00127,Wei Singh,1970-11-10,7451,VERIFIED,LOW
CUST00128,Maria Brown,19670824,8431,VERIFIED,HIGH
CUST00129,Aisha Johnson,06/13/1986,8494,VERIFIED,HIGH
CUST00130,Carlos Johnson,09/21/1989,4375,,LOW
CUST00131,Carlos Ivanov,1970-11-04,0472,REVIEW,HIGH
CUST00132,Jennifer Martinez,1966-06-21,9048,PENDING,LOW
CUST00133,Patricia Okafor,1965-02-27,2522,PENDING,LOW
CUST00134,David Khan,19900827,7736,VERIFIED,MEDIUM
CUST00135,John Nguyen,06/16/1994,9820,,LOW
CUST00136,David Khan,07-Apr-1951,8318,VERIFIED,LOW
CUST00137,Elizabeth Lopez,19700518,2434,PENDING,HIGH
CUST00138,Jose Chen,19880614,7460,VERIFIED,LOW
CUST00139,Olga Nguyen,06/05/1966,6730,VERIFIED,LOW
CUST00140,Wei Nguyen,06/08/1987,8115,VERIFIED,LOW
CUST00141,Olga Chen,1990-01-24,7213,VERIFIED,HIGH
CUST00142,James Jones,19851229,2529,VERIFIED,MEDIUM
CUST00143,Maria Mensah,19681011,1315,VERIFIED,HIGH
CUST00144,Maria Ivanov,1979-02-04,1121,VERIFIED,LOW
CUST00145,Robert Khan,1965-05-30,1646,PENDING,LOW
CUST00146,James Johnson,13-Nov-1971,0919,VERIFIED,LOW
CUST00147,Aisha Jones,08/18/1978,8702,PENDING,HIGH
CUST00148,Jennifer Garcia,1961-02-26,9985,PENDING,HIGH
CUST00149,Fatima Lopez,08/10/1966,3804,PENDING,LOW
CUST00150,David Smith,19860326,4712,REVIEW,HIGH
CUST00151,Robert Okafor,05-Mar-1959,9626,VERIFIED,MEDIUM
CUST00152,Carlos Martinez,06/10/1967,6302,PENDING,LOW
CUST00153,Wei Lopez,13-Apr-1966,9417,VERIFIED,LOW
CUST00154,Wei Rodriguez,1946-12-20,9272,REVIEW,LOW
CUST00155,Fatima Martinez,05/28/1999,9946,VERIFIED,LOW
CUST00156,Michael Mensah,11-Feb-2002,2240,REVIEW,LOW
CUST00157,Mary Martinez,20010417,0546,,LOW
CUST00158,Robert Martinez,16-Oct-1956,6807,VERIFIED,LOW
CUST00159,Ravi Patel,09-Nov-1956,2695,VERIFIED,MEDIUM
CUST00160,Maria Brown,19710625,1233,VERIFIED,LOW
CUST00161,Ravi Patel,1980-08-27,6464,VERIFIED,LOW
CUST00162,Patricia Okafor,20-Feb-1993,4295,,MEDIUM
CUST00163,Jose Brown,04/15/2002,7724,VERIFIED,HIGH
CUST00164,Maria Mensah,05/15/1995,1035,REVIEW,MEDIUM
CUST00165,Aisha Brown,02/11/1972,0742,VERIFIED,LOW
CUST00166,Patricia Brown,03/13/1989,8807,VERIFIED,MEDIUM
CUST00167,Jose Singh,19850912,9622,REVIEW,LOW
CUST00168,Patricia Ivanov,19820322,4583,VERIFIED,LOW
CUST00169,Carlos Okafor,06/29/1964,5942,VERIFIED,LOW
CUST00170,Jose Johnson,19931106,4520,VERIFIED,LOW
CUST00171,Robert Miller,1985-10-18,0828,VERIFIED,LOW
CUST00172,Olga Miller,1956-04-19,9080,VERIFIED,HIGH
CUST00173,Linda Chen,05/17/1964,9764,VERIFIED,LOW
CUST00174,John Singh,25-Dec-1957,2858,VERIFIED,LOW
CUST00175,James Patel,10/28/1956,9647,VERIFIED,LOW
CUST00176,David Johnson,08/19/1960,6897,,LOW
CUST00177,Fatima Okafor,14-Sep-1950,8408,,LOW
CUST00178,Sun Davis,1985-07-21,8543,VERIFIED,MEDIUM
CUST00179,James Johnson,20020919,6580,PENDING,LOW
CUST00180,Carlos Williams,1988-12-26,5277,,LOW
CUST00181,John Rodriguez,23-Nov-1950,6240,,HIGH
CUST00182,Carlos Kim,19710617,1624,REVIEW,LOW
CUST00183,Ravi Miller,20030927,7398,VERIFIED,MEDIUM
CUST00184,Carlos Nguyen,19750530,1557,VERIFIED,MEDIUM
CUST00185,David Patel,01/14/1973,7770,VERIFIED,LOW
CUST00186,Robert Khan,1952-08-29,6105,VERIFIED,HIGH
CUST00187,Olga Singh,20-May-1950,2002,PENDING,LOW
CUST00188,Aisha Johnson,09-Sep-2004,9837,VERIFIED,LOW
CUST00189,Olga Kim,04/18/1954,2535,REVIEW,MEDIUM
CUST00190,Patricia Patel,13-Feb-1965,1882,VERIFIED,HIGH
CUST00191,Aisha Singh,1965-04-16,9977,REVIEW,LOW
CUST00192,Jennifer Rodriguez,07-Aug-1947,5567,VERIFIED,LOW
CUST00193,John Lopez,19610411,1140,VERIFIED,LOW
CUST00194,Sun Miller,19530326,6878,PENDING,LOW
CUST00195,Jose Martinez,14-Feb-1959,9299,,LOW
CUST00196,John Garcia,1949-09-20,1336,VERIFIED,MEDIUM
CUST00197,Aisha Ivanov,20040521,6785,VERIFIED,LOW
CUST00198,Patricia Patel,19901219,1816,VERIFIED,HIGH
CUST00199,Sun Martinez,1988-08-28,3612,PENDING,HIGH
CUST00200,James Miller,01-Dec-1949,3460,VERIFIED,LOW
CUST00201,Maria Brown,1970-12-20,8149,REVIEW,MEDIUM
CUST00202,John Nguyen,10/06/1960,8196,,LOW
CUST00203,Wei Johnson,19510620,0307,PENDING,LOW
CUST00204,Olga Khan,19730201,6843,VERIFIED,LOW
CUST00205,James Chen,05/04/1981,7538,REVIEW,LOW
CUST00206,Aisha Brown,11/27/1952,7138,,MEDIUM
CUST00207,Robert Nguyen,04-Jan-1992,5562,VERIFIED,LOW
CUST00208,Robert Kim,1960-02-01,8693,,LOW
CUST00209,Jose Jones,05/06/1976,1684,VERIFIED,LOW
CUST00210,Jennifer Mensah,09/13/1962,1234,VERIFIED,MEDIUM
CUST00211,Olga Lopez,19860816,9248,REVIEW,HIGH
CUST00212,Maria Jones,19731230,1118,PENDING,MEDIUM
CUST00213,Elizabeth Rodriguez,2001-08-24,5766,,LOW
CUST00214,Carlos Okafor,1972-11-06,0932,VERIFIED,LOW
CUST00215,Robert Mensah,19511120,7581,,HIGH
CUST00216,Carlos Lopez,09/06/1948,5267,,MEDIUM
CUST00217,John Johnson,19891224,1695,VERIFIED,LOW
CUST00218,Jennifer Johnson,04/08/1990,7172,PENDING,HIGH
CUST00219,Kwame Garcia,25-Nov-1991,6108,VERIFIED,MEDIUM
CUST00220,Maria Mensah,1981-09-03,5482,VERIFIED,LOW
CUST00221,Ravi Nguyen,24-Jun-1953,4128,REVIEW,HIGH
CUST00222,Maria Williams,06/29/1958,5731,VERIFIED,MEDIUM
CUST00223,Kwame Williams,27-Jul-1956,9157,PENDING,LOW
CUST00224,Sun Williams,19560619,8331,VERIFIED,LOW
CUST00225,Elizabeth Garcia,07/13/1977,5598,PENDING,LOW
CUST00226,John Jones,1965-04-29,4846,VERIFIED,HIGH
CUST00227,Sun Johnson,05-Jun-1993,2147,,MEDIUM
CUST00228,Jennifer Garcia,11/03/1958,7170,VERIFIED,MEDIUM
CUST00229,Linda Okafor,07-Sep-1977,7355,VERIFIED,HIGH
CUST00230,Elizabeth Ivanov,06/17/1966,6026,REVIEW,HIGH
CUST00231,Carlos Martinez,19840712,8239,,MEDIUM
CUST00232,Michael Mensah,07/17/1959,4096,VERIFIED,MEDIUM
CUST00233,Ravi Brown,1978-04-21,4670,VERIFIED,LOW
CUST00234,Carlos Kim,06/22/1969,7167,VERIFIED,LOW
CUST00235,Jose Smith,19850622,0872,PENDING,HIGH
CUST00236,Linda Nguyen,1978-07-20,6142,VERIFIED,LOW
CUST00237,Patricia Chen,08/04/1973,2254,VERIFIED,LOW
CUST00238,John Ivanov,19870522,0086,VERIFIED,LOW
CUST00239,Michael Jones,19671218,1821,VERIFIED,LOW
CUST00240,Patricia Johnson,01/08/1972,6878,REVIEW,HIGH
CUST00241,Robert Brown,19860104,9776,,LOW
CUST00242,Sun Lopez,09/11/2001,2352,VERIFIED,MEDIUM
CUST00243,Kwame Patel,02/21/1945,9349,PENDING,LOW
CUST00244,Robert Kim,09-Aug-2004,1108,,HIGH
CUST00245,Sun Singh,1990-07-08,6397,PENDING,LOW
CUST00246,Wei Patel,11-Jan-2002,0266,VERIFIED,LOW
CUST00247,Linda Brown,08-Dec-1975,2185,VERIFIED,LOW
CUST00248,Maria Garcia,19931226,7840,REVIEW,LOW
CUST00249,Robert Okafor,1957-02-05,4807,VERIFIED,LOW
CUST00250,Mary Chen,24-Nov-1962,8444,PENDING,HIGH
CUST00251,David Johnson,06/22/1987,4687,VERIFIED,LOW
CUST00252,Maria Rodriguez,2003-10-31,6029,PENDING,MEDIUM
CUST00253,Wei Chen,06/14/1984,8129,REVIEW,MEDIUM
CUST00254,Sun Rodriguez,1977-12-16,6955,VERIFIED,MEDIUM
CUST00255,Jennifer Singh,19-Jan-1999,5262,VERIFIED,LOW
CUST00256,Elizabeth Martinez,19740603,9873,REVIEW,MEDIUM
CUST00257,Carlos Patel,19591214,0693,REVIEW,LOW
CUST00258,Aisha Rodriguez,2000-02-29,1229,REVIEW,MEDIUM
CUST00259,Sun Garcia,1977-08-05,2339,,MEDIUM
CUST00260,John Williams,02/15/1948,6001,VERIFIED,MEDIUM
CUST00261,Mary Mensah,11/22/1995,7371,VERIFIED,LOW
CUST00262,Robert Lopez,10/30/1984,8674,VERIFIED,MEDIUM
CUST00263,David Davis,1973-03-16,0424,REVIEW,LOW
CUST00264,Sun Nguyen,1989-10-09,4288,VERIFIED,MEDIUM
CUST00265,Kwame Martinez,19640402,3279,VERIFIED,LOW
CUST00266,Carlos Garcia,19510824,1438,REVIEW,LOW
CUST00267,Jose Williams,30-Nov-2004,4914,VERIFIED,LOW
CUST00268,Sun Davis,1977-06-07,3292,VERIFIED,LOW
CUST00269,James Patel,28-Apr-1989,7657,,LOW
CUST00270,Robert Williams,26-Nov-1999,6523,REVIEW,MEDIUM
CUST00271,Aisha Khan,1992-02-29,2053,VERIFIED,LOW
CUST00272,Carlos Kim,15-May-1985,2102,,HIGH
CUST00273,John Khan,1961-04-29,2034,,LOW
CUST00274,Jennifer Garcia,14-Apr-1972,3694,VERIFIED,HIGH
CUST00275,Robert Rodriguez,06/26/1970,9024,VERIFIED,LOW
CUST00276,Elizabeth Mensah,2001-01-27,8234,REVIEW,LOW
CUST00277,Olga Jones,02/04/1998,9914,VERIFIED,HIGH
CUST00278,James Williams,1948-09-11,9449,VERIFIED,LOW
CUST00279,Aisha Mensah,1996-04-30,8159,REVIEW,HIGH
CUST00280,Elizabeth Ivanov,12/27/1970,6653,VERIFIED,MEDIUM
CUST00281,Mary Garcia,19510720,6809,PENDING,MEDIUM
CUST00282,Maria Mensah,04/22/1963,5121,REVIEW,LOW
CUST00283,Wei Jones,27-Dec-1975,8437,,LOW
CUST00284,Linda Okafor,1973-08-18,4382,PENDING,LOW
CUST00285,Patricia Johnson,22-Aug-1957,6293,,MEDIUM
CUST00286,Jennifer Chen,11-Apr-1967,3110,VERIFIED,MEDIUM
CUST00287,Carlos Ivanov,07-Mar-1991,8148,VERIFIED,LOW
CUST00288,Sun Okafor,04/12/1980,3524,,LOW
CUST00289,Mary Martinez,19490514,9789,REVIEW,MEDIUM
CUST00290,Ravi Smith,1970-08-21,7060,VERIFIED,LOW
CUST00291,Wei Patel,1977-10-25,6563,VERIFIED,HIGH
CUST00292,Michael Patel,28-May-1995,1204,PENDING,HIGH
CUST00293,Ravi Rodriguez,1985-05-28,2108,VERIFIED,MEDIUM
CUST00294,Maria Singh,25-Jun-1978,2363,VERIFIED,HIGH
CUST00295,Wei Kim,1990-09-04,0742,VERIFIED,LOW
CUST00296,Fatima Kim,19741118,2440,,HIGH
CUST00297,Maria Mensah,17-Jul-1957,2662,PENDING,HIGH
CUST00298,Olga Chen,19711106,9222,VERIFIED,MEDIUM
CUST00299,Jose Chen,1946-06-30,6824,,LOW
CUST00300,James Mensah,20010615,4350,REVIEW,HIGH
CUST00301,Linda Johnson,19961027,2793,,HIGH
CUST00302,John Davis,1979-02-10,9380,REVIEW,LOW
CUST00303,James Okafor,12-Feb-1962,6861,VERIFIED,MEDIUM
CUST00304,Aisha Kim,19630418,1020,REVIEW,LOW
CUST00305,Michael Singh,15-Jul-1991,7837,,MEDIUM
CUST00306,Jennifer Okafor,24-Feb-1973,8950,VERIFIED,LOW
CUST00307,Fatima Miller,09/25/1999,4571,,LOW
CUST00308,Elizabeth Martinez,03/05/1965,8011,VERIFIED,MEDIUM
CUST00309,Ravi Rodriguez,17-Apr-1976,1996,,HIGH
CUST00310,Wei Patel,01/24/1979,4758,VERIFIED,LOW
CUST00311,Jose Okafor,03-Feb-1952,7849,VERIFIED,LOW
CUST00312,David Singh,27-Apr-1993,2249,VERIFIED,HIGH
CUST00313,Linda Davis,1997-08-25,8700,VERIFIED,LOW
CUST00314,Patricia Khan,17-Sep-1949,7739,VERIFIED,LOW
CUST00315,Ravi Garcia,19450619,7793,PENDING,LOW
CUST00316,Maria Martinez,1970-10-09,1465,REVIEW,HIGH
CUST00317,Ravi Johnson,11/01/1965,6846,VERIFIED,LOW
CUST00318,Fatima Garcia,13-Aug-1980,0613,VERIFIED,LOW
CUST00319,Kwame Brown,15-Dec-1995,4662,PENDING,HIGH
CUST00320,Fatima Jones,19920115,4470,VERIFIED,LOW
CUST00321,Jennifer Okafor,01-Sep-1974,3050,VERIFIED,LOW
CUST00322,Olga Miller,06/21/1971,6643,PENDING,HIGH
CUST00323,Robert Nguyen,1974-06-03,3027,VERIFIED,MEDIUM
CUST00324,Linda Smith,12-Jan-1974,6284,VERIFIED,MEDIUM
CUST00325,Maria Martinez,1968-12-14,4285,REVIEW,LOW
CUST00326,Mary Brown,19660315,5026,VERIFIED,MEDIUM
CUST00327,Elizabeth Brown,31-Jan-1990,6021,,LOW
CUST00328,John Ivanov,08/29/1964,7454,REVIEW,HIGH
CUST00329,Aisha Singh,19780709,8806,REVIEW,LOW
CUST00330,Kwame Williams,19670315,8653,REVIEW,LOW
CUST00331,Olga Brown,1952-01-04,8972,,LOW
CUST00332,Ravi Jones,05/19/1996,5375,,MEDIUM
CUST00333,Michael Lopez,19550606,1489,,MEDIUM
CUST00334,Carlos Jones,19491229,7484,,LOW
CUST00335,Carlos Martinez,1995-02-18,6487,VERIFIED,LOW
CUST00336,Olga Williams,1964-07-20,6941,VERIFIED,LOW
CUST00337,Mary Williams,19930720,0519,VERIFIED,MEDIUM
CUST00338,John Khan,23-Feb-1961,6266,PENDING,MEDIUM
CUST00339,Robert Singh,09/14/1978,5697,VERIFIED,LOW
CUST00340,Wei Kim,03/14/1993,3648,VERIFIED,LOW
CUST00341,Carlos Singh,19711008,8715,PENDING,LOW
CUST00342,Carlos Patel,03/17/1967,4516,VERIFIED,LOW
CUST00343,Aisha Mensah,1947-11-22,3943,VERIFIED,LOW
CUST00344,Kwame Johnson,19540120,9794,REVIEW,LOW
CUST00345,Mary Nguyen,19661216,3839,,LOW
CUST00346,John Kim,24-Jan-1950,3836,REVIEW,HIGH
CUST00347,Olga Mensah,11-Aug-1973,3881,VERIFIED,LOW
CUST00348,Sun Davis,20040325,4923,VERIFIED,LOW
CUST00349,Olga Garcia,19941212,9107,PENDING,LOW
CUST00350,Wei Kim,25-Nov-1975,6821,PENDING,LOW
CUST00351,Wei Garcia,19711127,3948,VERIFIED,LOW
CUST00352,Carlos Johnson,19571214,6824,,HIGH
CUST00353,Wei Davis,11-Jan-1957,3331,VERIFIED,LOW
CUST00354,Jose Williams,05/09/1985,0844,VERIFIED,MEDIUM
CUST00355,Kwame Johnson,1999-04-11,3082,,HIGH
CUST00356,Fatima Miller,21-Jun-1964,4967,VERIFIED,LOW
CUST00357,Patricia Ivanov,01/18/1962,9902,REVIEW,LOW
CUST00358,Linda Singh,01-Aug-1980,4637,PENDING,MEDIUM
CUST00359,Jose Martinez,16-Nov-1992,5892,,MEDIUM
CUST00360,Patricia Ivanov,23-Oct-1986,3328,VERIFIED,LOW
CUST00361,Mary Lopez,02/19/1982,2390,VERIFIED,LOW
CUST00362,Olga Lopez,19940822,4836,VERIFIED,LOW
CUST00363,Linda Nguyen,08/06/1974,8180,,LOW
CUST00364,Fatima Ivanov,19680202,2756,REVIEW,LOW
CUST00365,John Singh,19600309,3015,,LOW
CUST00366,Mary Williams,1992-01-03,0104,PENDING,LOW
CUST00367,Linda Williams,08/01/2001,0149,VERIFIED,HIGH
CUST00368,Jose Johnson,19851129,7993,VERIFIED,LOW
CUST00369,Ravi Khan,1992-09-30,0274,,LOW
CUST00370,Elizabeth Smith,19930124,2937,VERIFIED,LOW
CUST00371,John Davis,01/18/1992,8625,VERIFIED,LOW
CUST00372,Wei Williams,25-Dec-1968,6652,PENDING,HIGH
CUST00373,Linda Martinez,1966-10-27,0519,VERIFIED,MEDIUM
CUST00374,Wei Singh,19790110,0919,REVIEW,LOW
CUST00375,Robert Ivanov,19600517,5427,,LOW
CUST00376,Mary Davis,05/20/1992,9286,PENDING,LOW
CUST00377,Robert Rodriguez,1949-03-06,2938,VERIFIED,LOW
CUST00378,Olga Jones,19630803,1260,VERIFIED,LOW
CUST00379,Linda Lopez,19950806,8856,VERIFIED,MEDIUM
CUST00380,Robert Kim,22-Jul-1957,0879,VERIFIED,MEDIUM
CUST00381,Robert Chen,19651029,5347,VERIFIED,LOW
CUST00382,Fatima Davis,03-Jun-1985,9060,PENDING,MEDIUM
CUST00383,Olga Nguyen,1961-08-31,4839,VERIFIED,LOW
CUST00384,David Jones,19520512,2527,REVIEW,MEDIUM
CUST00385,Jose Brown,1973-05-30,0085,VERIFIED,MEDIUM
CUST00386,David Brown,04/16/1977,1430,VERIFIED,MEDIUM
CUST00387,Ravi Singh,19850408,1692,VERIFIED,LOW
CUST00388,Ravi Williams,02-Oct-1976,6311,VERIFIED,LOW
CUST00389,Wei Williams,02/15/1982,9370,,LOW
CUST00390,Jennifer Jones,27-Feb-1979,4933,VERIFIED,MEDIUM
CUST00391,Robert Garcia,19580203,4521,PENDING,LOW
CUST00392,Robert Patel,11-Jun-1988,4040,REVIEW,MEDIUM
CUST00393,Kwame Miller,19980410,1752,VERIFIED,LOW
CUST00394,Wei Chen,19450810,5399,PENDING,LOW
CUST00395,Kwame Jones,20-Aug-1983,5253,,LOW
CUST00396,Maria Garcia,19871223,5228,VERIFIED,MEDIUM
CUST00397,Linda Chen,19960831,4592,PENDING,LOW
CUST00398,Olga Miller,03/21/1955,9012,VERIFIED,MEDIUM
CUST00399,Carlos Martinez,1963-10-23,6703,REVIEW,MEDIUM
CUST00400,Elizabeth Davis,27-Jun-1957,2525,REVIEW,MEDIUM
CUST00401,Robert Okafor,19781028,9539,PENDING,HIGH
CUST00402,Aisha Singh,1990-06-14,5890,REVIEW,HIGH
CUST00403,Robert Brown,04/11/1998,5816,VERIFIED,HIGH
CUST00404,Olga Nguyen,22-Dec-1948,7052,VERIFIED,LOW
CUST00405,David Davis,11/06/1953,7303,VERIFIED,MEDIUM
CUST00406,Olga Kim,07/18/1986,5651,VERIFIED,MEDIUM
CUST00407,Elizabeth Khan,1954-05-19,1901,REVIEW,LOW
CUST00408,Elizabeth Chen,19760402,3389,,MEDIUM
CUST00409,Fatima Brown,19760401,7412,VERIFIED,LOW
CUST00410,Mary Brown,1971-12-10,5620,REVIEW,LOW
CUST00411,Linda Kim,09/30/1959,9042,VERIFIED,LOW
CUST00412,Aisha Okafor,03/25/1995,6636,REVIEW,LOW
CUST00413,Aisha Nguyen,1961-09-21,3232,PENDING,HIGH
CUST00414,Wei Smith,07/16/1983,3371,VERIFIED,LOW
CUST00415,Patricia Singh,10/18/1996,5993,VERIFIED,LOW
CUST00416,Patricia Rodriguez,19860119,8646,REVIEW,LOW
CUST00417,Wei Mensah,19980723,9617,VERIFIED,LOW
CUST00418,Carlos Mensah,07/30/1976,4873,,HIGH
CUST00419,John Chen,1952-08-09,3908,VERIFIED,LOW
CUST00420,Jose Jones,19610604,6852,,LOW
CUST00421,Wei Khan,07/27/1996,7973,REVIEW,HIGH
CUST00422,Jennifer Singh,11/21/2002,8022,VERIFIED,LOW
CUST00423,Maria Okafor,1961-10-14,5882,VERIFIED,MEDIUM
CUST00424,Michael Nguyen,19570401,6703,REVIEW,MEDIUM
CUST00425,Carlos Ivanov,04/16/1982,1354,,LOW
CUST00426,Elizabeth Johnson,14-Oct-1964,3683,,LOW
CUST00427,Carlos Lopez,19600203,9006,,LOW
CUST00428,Patricia Rodriguez,19-May-1996,8880,VERIFIED,MEDIUM
CUST00429,Michael Khan,1994-01-06,4055,VERIFIED,LOW
CUST00430,David Patel,1985-05-07,7193,VERIFIED,LOW
CUST00431,Olga Patel,19631031,2719,,LOW
CUST00432,Michael Johnson,16-Jul-1963,8720,VERIFIED,HIGH
CUST00433,Jennifer Chen,03-May-1993,4740,,LOW
CUST00434,Patricia Jones,19910225,0971,VERIFIED,LOW
CUST00435,Linda Jones,27-Nov-1956,4055,REVIEW,MEDIUM
CUST00436,John Lopez,29-Nov-1988,6786,PENDING,MEDIUM
CUST00437,Robert Nguyen,11-Oct-1951,6046,PENDING,MEDIUM
CUST00438,Olga Smith,1974-05-13,7511,REVIEW,LOW
CUST00439,Ravi Nguyen,09/07/1950,7039,VERIFIED,MEDIUM
CUST00440,Maria Martinez,03-Feb-1969,8967,,LOW
CUST00441,Fatima Chen,1995-10-17,0752,VERIFIED,MEDIUM
CUST00442,Patricia Garcia,19460618,7479,VERIFIED,MEDIUM
CUST00443,John Martinez,02/25/1963,4489,VERIFIED,LOW
CUST00444,Robert Patel,06/19/1967,0848,PENDING,LOW
CUST00445,Aisha Williams,1966-01-03,0017,VERIFIED,MEDIUM
CUST00446,John Lopez,12/29/1951,8510,REVIEW,MEDIUM
CUST00447,James Chen,1945-11-01,6919,REVIEW,LOW
CUST00448,Robert Davis,19871110,1463,REVIEW,LOW
CUST00449,Maria Patel,05-Apr-1954,2246,PENDING,LOW
CUST00450,John Williams,2002-07-24,9999,REVIEW,LOW
CUST00451,Jose Miller,06/26/1984,6745,,MEDIUM
CUST00452,Robert Brown,06/28/1964,2017,,MEDIUM
CUST00453,Aisha Chen,07/16/1976,4059,VERIFIED,LOW
CUST00454,Ravi Mensah,07-Apr-1967,0439,REVIEW,LOW
CUST00455,Sun Mensah,06/08/1963,6418,VERIFIED,LOW
CUST00456,Fatima Nguyen,1966-06-22,3949,PENDING,HIGH
CUST00457,Sun Smith,16-May-1951,5185,VERIFIED,MEDIUM
CUST00458,Aisha Patel,12/29/1995,7717,VERIFIED,LOW
CUST00459,Robert Smith,11-Sep-1997,3534,VERIFIED,LOW
CUST00460,Sun Martinez,19800914,6939,REVIEW,MEDIUM
CUST00461,Ravi Singh,05/24/1952,4546,VERIFIED,LOW
CUST00462,Sun Miller,02/03/1952,8788,VERIFIED,MEDIUM
CUST00463,Robert Martinez,19970812,3909,VERIFIED,LOW
CUST00464,Aisha Brown,19520926,9975,VERIFIED,LOW
CUST00465,Jennifer Brown,2004-10-04,2248,REVIEW,LOW
CUST00466,Fatima Patel,13-Sep-1959,2735,VERIFIED,LOW
CUST00467,Patricia Smith,10-Feb-1969,7034,VERIFIED,HIGH
CUST00468,David Lopez,1950-09-24,8128,PENDING,HIGH
CUST00469,Mary Ivanov,04/23/1977,6024,VERIFIED,LOW
CUST00470,Olga Brown,03/26/1954,8336,VERIFIED,LOW
CUST00471,Linda Johnson,19460207,5963,PENDING,LOW
CUST00472,Mary Singh,19610121,3678,VERIFIED,LOW
CUST00473,Maria Rodriguez,1982-05-06,9364,VERIFIED,LOW
CUST00474,Mary Garcia,01/15/1990,8450,VERIFIED,MEDIUM
CUST00475,Carlos Martinez,09-Mar-1951,5362,VERIFIED,HIGH
CUST00476,James Patel,12/23/1985,4777,,LOW
CUST00477,Linda Okafor,13-Nov-2000,9694,PENDING,LOW
CUST00478,Linda Jones,1994-01-13,6718,VERIFIED,LOW
CUST00479,Jose Smith,02-Aug-1993,0023,REVIEW,MEDIUM
CUST00480,Patricia Miller,08/03/1972,6878,PENDING,LOW
CUST00481,David Williams,1957-10-10,3792,,MEDIUM
CUST00482,Carlos Williams,1978-06-02,8280,VERIFIED,MEDIUM
CUST00483,Olga Lopez,1951-09-19,7126,REVIEW,LOW
CUST00484,Elizabeth Rodriguez,30-Mar-1966,6438,REVIEW,LOW
CUST00485,Carlos Rodriguez,07/15/1973,1223,VERIFIED,LOW
CUST00486,Patricia Jones,1997-06-16,2693,PENDING,MEDIUM
CUST00487,Aisha Brown,05-Mar-1973,3401,PENDING,LOW
CUST00488,David Brown,1986-07-27,2582,REVIEW,LOW
CUST00489,Mary Miller,16-Feb-1999,2430,VERIFIED,LOW
CUST00490,Wei Kim,1976-11-30,4896,VERIFIED,LOW
CUST00491,Wei Okafor,10/16/1947,1551,PENDING,LOW
CUST00492,Patricia Smith,1957-07-17,3641,VERIFIED,LOW
CUST00493,Jose Williams,09-Dec-1980,1228,VERIFIED,LOW
CUST00494,Carlos Jones,1962-09-28,5432,VERIFIED,LOW
CUST00495,Mary Garcia,19860511,6471,PENDING,LOW
CUST00496,Aisha Garcia,04-May-1979,3517,VERIFIED,LOW
CUST00497,Carlos Jones,1970-02-09,4026,REVIEW,LOW
CUST00498,Aisha Singh,19891004,0999,VERIFIED,LOW
CUST00499,John Khan,05/13/1979,8614,VERIFIED,HIGH
CUST00500,Wei Patel,19461002,8921,PENDING,LOW
CUST00501,Sun Chen,19951001,4430,VERIFIED,LOW
CUST00502,Kwame Davis,1973-08-10,4602,VERIFIED,MEDIUM
CUST00503,Jose Lopez,07/01/1992,2615,VERIFIED,LOW
CUST00504,Linda Rodriguez,2003-12-07,3594,,MEDIUM
CUST00505,Jennifer Garcia,10/31/1976,9707,VERIFIED,LOW
CUST00506,James Patel,01/27/1998,9225,VERIFIED,MEDIUM
CUST00507,Elizabeth Garcia,19930821,0621,VERIFIED,LOW
CUST00508,Kwame Davis,1965-11-14,8625,PENDING,LOW
CUST00509,Kwame Miller,10/06/1974,5582,REVIEW,LOW
CUST00510,Mary Smith,01/12/1974,9611,REVIEW,LOW
CUST00511,Sun Patel,1954-12-14,6120,REVIEW,MEDIUM
CUST00512,Patricia Chen,29-Jul-1997,5285,VERIFIED,LOW
CUST00513,Fatima Chen,03/12/1984,9207,REVIEW,HIGH
CUST00514,Linda Lopez,01/05/1977,6199,VERIFIED,LOW
CUST00515,Jennifer Smith,19560604,9297,VERIFIED,LOW
CUST00516,Maria Mensah,01/17/1999,9265,VERIFIED,MEDIUM
CUST00517,Maria Williams,08/14/1957,5682,VERIFIED,LOW
CUST00518,Robert Chen,20020128,0186,VERIFIED,LOW
CUST00519,Robert Patel,22-May-1967,1770,REVIEW,LOW
CUST00520,Wei Okafor,19490427,2725,PENDING,MEDIUM
CUST00521,Jose Singh,19781223,1661,PENDING,HIGH
CUST00522,Linda Garcia,20030527,1207,VERIFIED,LOW
CUST00523,Maria Rodriguez,1946-10-20,1215,VERIFIED,LOW
CUST00524,Jennifer Williams,1978-09-08,5536,,HIGH
CUST00525,James Khan,04/23/1988,9950,PENDING,LOW
CUST00526,Patricia Chen,10/21/1949,3112,PENDING,HIGH
CUST00527,David Martinez,16-Jun-1993,3891,VERIFIED,LOW
CUST00528,Olga Singh,19800401,2516,VERIFIED,LOW
CUST00529,Aisha Williams,06-May-1945,9833,PENDING,LOW
CUST00530,James Miller,09/14/1953,4781,VERIFIED,MEDIUM
CUST00531,Elizabeth Nguyen,19550513,8013,REVIEW,LOW
CUST00532,Ravi Nguyen,03/06/1953,6078,PENDING,LOW
CUST00533,Carlos Johnson,27-Sep-1961,7204,PENDING,LOW
CUST00534,David Lopez,1965-04-19,2476,REVIEW,LOW
CUST00535,Jose Singh,19520909,9662,VERIFIED,HIGH
CUST00536,Wei Kim,19500622,8773,REVIEW,MEDIUM
CUST00537,Linda Ivanov,19-May-1996,1293,PENDING,LOW
CUST00538,Olga Kim,01/17/1990,1970,PENDING,LOW
CUST00539,Michael Miller,12/31/1959,0699,PENDING,LOW
CUST00540,Michael Jones,23-Jan-1984,5238,REVIEW,LOW
CUST00541,Wei Singh,19521022,9044,VERIFIED,LOW
CUST00542,Carlos Smith,19910817,1843,PENDING,LOW
CUST00543,Olga Lopez,1958-04-19,1730,,LOW
CUST00544,Ravi Patel,19700901,4327,PENDING,MEDIUM
CUST00545,Kwame Ivanov,1996-04-27,2821,VERIFIED,MEDIUM
CUST00546,Kwame Mensah,19571127,0635,PENDING,LOW
CUST00547,Mary Ivanov,25-Apr-1966,6102,VERIFIED,LOW
CUST00548,Elizabeth Rodriguez,19720310,1609,VERIFIED,LOW
CUST00549,Carlos Chen,17-Dec-1971,6828,,LOW
CUST00550,Carlos Miller,19611111,7937,,LOW
CUST00551,Sun Garcia,1950-01-16,5097,REVIEW,HIGH
CUST00552,John Kim,1981-03-11,2846,VERIFIED,LOW
CUST00553,Linda Johnson,19500304,0828,VERIFIED,LOW
CUST00554,Jose Okafor,19690731,2029,REVIEW,LOW
CUST00555,Jose Ivanov,19660915,2909,PENDING,HIGH
CUST00556,Jose Patel,06/19/1994,4237,REVIEW,LOW
CUST00557,James Nguyen,1970-07-30,2669,,LOW
CUST00558,Linda Miller,10-Nov-1964,6709,,LOW
CUST00559,Fatima Jones,10/19/1945,9849,VERIFIED,LOW
CUST00560,Kwame Martinez,24-Aug-1967,6943,PENDING,LOW
CUST00561,David Miller,19860307,4950,REVIEW,HIGH
CUST00562,Wei Lopez,2000-12-12,0120,,LOW
CUST00563,Kwame Mensah,16-May-1995,4890,REVIEW,LOW
CUST00564,Robert Chen,21-Mar-1988,5327,VERIFIED,LOW
CUST00565,Elizabeth Miller,11/12/2003,8475,VERIFIED,LOW
CUST00566,Wei Chen,10/31/1998,0417,REVIEW,MEDIUM
CUST00567,David Khan,19710710,6361,REVIEW,LOW
CUST00568,Olga Miller,22-Apr-1997,3643,REVIEW,HIGH
CUST00569,Fatima Patel,08-Apr-2002,2785,REVIEW,HIGH
CUST00570,Elizabeth Brown,19610402,2096,REVIEW,LOW
CUST00571,Jennifer Chen,1995-02-26,3641,VERIFIED,LOW
CUST00572,Aisha Chen,20-Jul-1972,4269,,LOW
CUST00573,Patricia Ivanov,1986-08-10,9561,,HIGH
CUST00574,Fatima Miller,1951-05-23,6253,,LOW
CUST00575,Mary Jones,01/23/1982,3281,VERIFIED,MEDIUM
CUST00576,Carlos Jones,01-Feb-1996,2954,VERIFIED,MEDIUM
CUST00577,Jennifer Chen,1974-11-04,0077,PENDING,LOW
CUST00578,Jennifer Lopez,10/15/1963,8021,VERIFIED,LOW
CUST00579,Aisha Khan,20000217,7029,PENDING,MEDIUM
CUST00580,Mary Singh,06/02/1945,6112,VERIFIED,LOW
CUST00581,Michael Smith,1992-08-22,4076,VERIFIED,LOW
CUST00582,John Brown,19721231,8246,,LOW
CUST00583,Robert Johnson,26-Dec-1959,4764,PENDING,HIGH
CUST00584,Sun Chen,19980703,2192,VERIFIED,MEDIUM
CUST00585,Michael Garcia,19770325,0313,VERIFIED,LOW
CUST00586,Michael Smith,10/09/1956,2017,VERIFIED,LOW
CUST00587,David Singh,1978-08-30,9730,VERIFIED,LOW
CUST00588,James Johnson,2003-08-21,6828,PENDING,MEDIUM
CUST00589,Ravi Rodriguez,19560202,2508,VERIFIED,LOW
CUST00590,Aisha Brown,06-Jan-1972,9922,REVIEW,LOW
CUST00591,Patricia Kim,1982-07-30,4631,VERIFIED,LOW
CUST00592,Michael Mensah,08/27/1989,4308,,LOW
CUST00593,Aisha Martinez,02/10/1977,0645,,MEDIUM
CUST00594,Fatima Chen,08/20/1963,0044,VERIFIED,LOW
CUST00595,Olga Ivanov,11/28/1954,1475,,LOW
CUST00596,David Davis,19540202,4850,VERIFIED,MEDIUM
CUST00597,Patricia Garcia,1949-06-30,4760,VERIFIED,LOW
CUST00598,Patricia Brown,1983-03-22,0158,VERIFIED,LOW
CUST00599,Jose Okafor,27-Jun-1974,1522,VERIFIED,LOW
CUST00600,Patricia Nguyen,19610529,7479,VERIFIED,MEDIUM
CUST00601,Aisha Garcia,1987-11-28,2171,REVIEW,LOW
CUST00602,Patricia Khan,19590421,9321,REVIEW,MEDIUM
CUST00603,Kwame Nguyen,06-Apr-1961,0472,REVIEW,LOW
CUST00604,Fatima Brown,19880504,7220,VERIFIED,LOW
CUST00605,Maria Smith,06/21/1968,5542,,HIGH
CUST00606,Patricia Khan,06/19/2000,7895,VERIFIED,MEDIUM
CUST00607,Ravi Mensah,1958-05-04,0190,REVIEW,LOW
CUST00608,Fatima Ivanov,05/11/1990,1226,PENDING,LOW
CUST00609,Maria Rodriguez,1966-08-12,8305,VERIFIED,HIGH
CUST00610,Wei Nguyen,09/19/2002,1291,PENDING,MEDIUM
CUST00611,Carlos Williams,19960530,7324,VERIFIED,LOW
CUST00612,James Brown,19890815,6755,VERIFIED,HIGH
CUST00613,James Williams,06-Apr-1994,8328,,LOW
CUST00614,Carlos Chen,23-Sep-2003,0889,VERIFIED,MEDIUM
CUST00615,Ravi Mensah,19741014,5952,REVIEW,MEDIUM
CUST00616,Patricia Davis,1955-03-26,5592,VERIFIED,LOW
CUST00617,Sun Patel,1994-02-19,0750,VERIFIED,MEDIUM
CUST00618,Aisha Brown,08-Aug-1957,3209,VERIFIED,LOW
CUST00619,Michael Okafor,04/01/1980,5536,VERIFIED,MEDIUM
CUST00620,Olga Brown,19490304,7493,REVIEW,HIGH
CUST00621,John Ivanov,1990-03-27,8689,REVIEW,LOW
CUST00622,Aisha Lopez,19940820,8328,VERIFIED,HIGH
CUST00623,John Brown,19600731,9839,,LOW
CUST00624,Wei Khan,03/24/1990,4482,PENDING,LOW
CUST00625,Carlos Jones,05/24/1971,6762,,HIGH
CUST00626,Ravi Chen,10/26/1971,3291,VERIFIED,HIGH
CUST00627,Jose Jones,01/26/1971,8255,,LOW
CUST00628,Jose Singh,19550510,9548,,MEDIUM
CUST00629,Elizabeth Khan,1992-11-24,8564,VERIFIED,LOW
CUST00630,John Johnson,1979-03-04,3275,VERIFIED,LOW
CUST00631,David Jones,1970-09-18,4835,VERIFIED,HIGH
CUST00632,Jose Okafor,1947-11-25,9205,VERIFIED,HIGH
CUST00633,Linda Kim,22-Nov-1979,0769,PENDING,MEDIUM
CUST00634,Maria Singh,1982-05-17,0212,REVIEW,LOW
CUST00635,Kwame Okafor,03/22/1963,6025,,HIGH
CUST00636,Michael Miller,18-Feb-1999,7353,VERIFIED,LOW
CUST00637,Jennifer Kim,1961-10-10,6180,VERIFIED,MEDIUM
CUST00638,Ravi Rodriguez,01/15/1970,2636,,LOW
CUST00639,Maria Okafor,07/04/1945,0654,VERIFIED,LOW
CUST00640,Mary Mensah,20-Jul-1998,8037,,HIGH
CUST00641,Robert Chen,02/15/1977,3012,,LOW
CUST00642,Jennifer Khan,19900427,1506,VERIFIED,LOW
CUST00643,Maria Chen,22-Feb-1964,4809,VERIFIED,HIGH
CUST00644,Fatima Singh,1992-08-05,1879,REVIEW,LOW
CUST00645,Linda Mensah,12/25/1984,0653,REVIEW,LOW
CUST00646,Patricia Nguyen,20-Mar-1979,8851,REVIEW,LOW
CUST00647,Sun Patel,19470321,7975,VERIFIED,LOW
CUST00648,Michael Chen,2003-06-15,1572,VERIFIED,HIGH
CUST00649,James Williams,11/02/1992,3492,REVIEW,MEDIUM
CUST00650,Michael Singh,19540429,1181,REVIEW,LOW
CUST00651,Carlos Chen,1947-02-18,1433,VERIFIED,LOW
CUST00652,David Singh,1960-12-20,9420,VERIFIED,LOW
CUST00653,Wei Okafor,19810728,7094,VERIFIED,LOW
CUST00654,Patricia Singh,1979-12-12,1036,REVIEW,HIGH
CUST00655,Robert Patel,1949-01-31,4748,REVIEW,LOW
CUST00656,Robert Martinez,19990602,6249,PENDING,LOW
CUST00657,Jennifer Singh,07/11/1987,2234,REVIEW,MEDIUM
CUST00658,Elizabeth Jones,17-Dec-1993,6113,VERIFIED,HIGH
CUST00659,John Brown,1994-10-19,0082,,HIGH
CUST00660,Ravi Singh,1980-05-10,4992,VERIFIED,LOW
CUST00661,Aisha Kim,12/31/1963,2637,VERIFIED,LOW
CUST00662,David Miller,2000-05-06,2971,REVIEW,HIGH
CUST00663,Ravi Okafor,1949-11-18,4762,REVIEW,LOW
CUST00664,Patricia Miller,19670629,5420,VERIFIED,LOW
CUST00665,Linda Brown,22-Oct-2003,1143,VERIFIED,LOW
CUST00666,Carlos Chen,03-Aug-1988,9571,VERIFIED,HIGH
CUST00667,Jose Chen,19951109,2762,VERIFIED,LOW
CUST00668,Linda Khan,01-Feb-1967,5889,VERIFIED,LOW
CUST00669,Carlos Okafor,23-Jan-1988,5004,PENDING,HIGH
CUST00670,Jennifer Mensah,1954-10-07,4597,VERIFIED,HIGH
CUST00671,David Williams,1962-08-16,0305,,LOW
CUST00672,Olga Nguyen,03/16/1997,0600,,LOW
CUST00673,Ravi Ivanov,10/04/1993,5993,PENDING,LOW
CUST00674,Elizabeth Jones,19971124,8210,,LOW
CUST00675,Jose Kim,1980-08-06,3913,,LOW
CUST00676,John Okafor,02/16/1991,2935,,HIGH
CUST00677,John Ivanov,28-Feb-2004,0662,VERIFIED,MEDIUM
CUST00678,Robert Rodriguez,16-Oct-1965,3834,VERIFIED,LOW
CUST00679,Jose Nguyen,19910619,7448,VERIFIED,LOW
CUST00680,Maria Brown,08-Mar-2003,4314,,HIGH
CUST00681,Jennifer Nguyen,19960226,5985,,LOW
CUST00682,David Nguyen,05/10/1991,8460,PENDING,LOW
CUST00683,Fatima Ivanov,1975-12-16,8222,VERIFIED,MEDIUM
CUST00684,Linda Williams,10-Nov-1959,3465,VERIFIED,LOW
CUST00685,Jose Mensah,1959-02-13,3773,PENDING,LOW
CUST00686,Fatima Ivanov,19550303,3452,,LOW
CUST00687,Aisha Smith,01/26/2003,0706,VERIFIED,HIGH
CUST00688,Jennifer Jones,1998-02-22,9376,VERIFIED,LOW
CUST00689,David Garcia,19591204,9819,,LOW
CUST00690,Elizabeth Williams,05/15/2004,7359,,MEDIUM
CUST00691,Jennifer Davis,19880319,9844,VERIFIED,HIGH
CUST00692,Kwame Kim,26-Apr-1961,2747,REVIEW,LOW
CUST00693,Kwame Lopez,1985-09-07,3765,PENDING,MEDIUM
CUST00694,Patricia Smith,11/11/1956,8564,,MEDIUM
CUST00695,Kwame Brown,06/02/1958,7796,,HIGH
CUST00696,Ravi Kim,1948-07-03,1526,PENDING,LOW
CUST00697,Ravi Smith,19990221,8553,PENDING,LOW
CUST00698,Sun Khan,11/24/1948,7899,PENDING,LOW
CUST00699,Olga Brown,19971105,2193,VERIFIED,MEDIUM
CUST00700,Robert Martinez,19651110,4223,VERIFIED,LOW
CUST00701,Olga Kim,1945-08-22,8515,VERIFIED,MEDIUM
CUST00702,Michael Chen,20030922,5935,VERIFIED,LOW
CUST00703,Olga Rodriguez,24-Mar-1983,8783,PENDING,HIGH
CUST00704,Kwame Rodriguez,19771021,3337,PENDING,HIGH
CUST00705,Fatima Garcia,09-Jan-1995,9160,,MEDIUM
CUST00706,Elizabeth Lopez,08-Oct-1967,6522,REVIEW,LOW
CUST00707,Patricia Davis,20040224,2650,VERIFIED,LOW
CUST00708,Wei Chen,1990-08-10,2633,PENDING,LOW
CUST00709,John Ivanov,19530304,1444,VERIFIED,LOW
CUST00710,Jose Williams,1964-11-23,6296,PENDING,HIGH
CUST00711,Sun Martinez,2003-11-14,2871,REVIEW,MEDIUM
CUST00712,James Miller,20-May-1984,3190,VERIFIED,HIGH
CUST00713,Sun Davis,10/21/1990,0590,VERIFIED,LOW
CUST00714,James Garcia,2003-10-07,4520,PENDING,LOW
CUST00715,Wei Lopez,06/14/1980,8482,VERIFIED,LOW
CUST00716,Ravi Martinez,02-Feb-1953,5693,VERIFIED,LOW
CUST00717,Michael Okafor,19990527,9419,VERIFIED,LOW
CUST00718,Aisha Kim,1960-09-14,9152,VERIFIED,HIGH
CUST00719,Maria Brown,27-May-1971,8813,,LOW
CUST00720,Wei Lopez,19840921,3985,VERIFIED,MEDIUM
CUST00721,Olga Smith,19860502,1904,VERIFIED,LOW
CUST00722,Linda Davis,02-May-1979,6757,VERIFIED,HIGH
CUST00723,James Rodriguez,01/21/1993,4706,VERIFIED,MEDIUM
CUST00724,Robert Singh,09/07/1975,7807,VERIFIED,LOW
CUST00725,Olga Rodriguez,08/10/1964,3115,PENDING,LOW
CUST00726,Linda Rodriguez,01/26/1966,3755,VERIFIED,LOW
CUST00727,Jose Jones,2000-07-01,1964,VERIFIED,MEDIUM
CUST00728,James Singh,2000-01-26,7901,VERIFIED,HIGH
CUST00729,Fatima Lopez,19-Apr-1973,8041,VERIFIED,HIGH
CUST00730,Wei Davis,02/22/1970,0887,,MEDIUM
CUST00731,Ravi Johnson,30-Nov-1987,6450,REVIEW,LOW
CUST00732,Patricia Kim,19860107,5171,REVIEW,LOW
CUST00733,Michael Nguyen,1946-01-23,5331,VERIFIED,HIGH
CUST00734,Jennifer Singh,19-Apr-1968,3885,VERIFIED,MEDIUM
CUST00735,Maria Patel,01/02/2000,8171,PENDING,LOW
CUST00736,Jose Patel,19820807,4581,PENDING,LOW
CUST00737,John Lopez,04/06/1996,1636,REVIEW,LOW
CUST00738,Ravi Khan,19660226,3212,VERIFIED,LOW
CUST00739,James Garcia,19870608,8185,VERIFIED,HIGH
CUST00740,Maria Ivanov,27-Nov-1992,4111,,HIGH
CUST00741,Wei Brown,04/13/1949,0983,VERIFIED,LOW
CUST00742,Patricia Okafor,03-Oct-1987,4256,VERIFIED,LOW
CUST00743,Ravi Rodriguez,10-Apr-1995,0324,PENDING,LOW
CUST00744,Kwame Miller,07/01/1976,4663,VERIFIED,LOW
CUST00745,Fatima Okafor,1990-10-18,6243,,LOW
CUST00746,John Garcia,10-Aug-1986,6911,REVIEW,HIGH
CUST00747,Wei Williams,1996-04-14,2654,VERIFIED,LOW
CUST00748,Maria Martinez,15-Feb-1973,9918,REVIEW,MEDIUM
CUST00749,Carlos Patel,19690503,6782,VERIFIED,LOW
CUST00750,John Davis,27-Jan-1947,1311,VERIFIED,LOW
CUST00751,Patricia Brown,1980-08-15,7752,,LOW
CUST00752,Wei Kim,1947-05-14,1702,VERIFIED,HIGH
CUST00753,Robert Nguyen,07-Dec-1958,3757,VERIFIED,LOW
CUST00754,John Jones,10/04/1984,0468,VERIFIED,LOW
CUST00755,Fatima Okafor,06-Mar-1974,8987,PENDING,LOW
CUST00756,Jennifer Lopez,19930520,9240,PENDING,HIGH
CUST00757,Ravi Martinez,26-May-2002,7891,,LOW
CUST00758,Carlos Martinez,13-Jan-1953,6753,VERIFIED,LOW
CUST00759,James Smith,03/27/1972,5634,VERIFIED,MEDIUM
CUST00760,James Ivanov,19930103,4908,VERIFIED,MEDIUM
CUST00761,Kwame Davis,1971-04-13,8981,VERIFIED,LOW
CUST00762,Ravi Khan,19811209,4094,VERIFIED,MEDIUM
CUST00763,Linda Rodriguez,1978-12-12,6917,REVIEW,LOW
CUST00764,Kwame Rodriguez,08-May-1991,8715,VERIFIED,MEDIUM
CUST00765,Robert Garcia,11/13/1961,4744,VERIFIED,MEDIUM
CUST00766,Carlos Rodriguez,20000602,3076,VERIFIED,LOW
CUST00767,Mary Singh,1958-08-26,3046,VERIFIED,LOW
CUST00768,John Okafor,1969-02-24,3814,VERIFIED,LOW
CUST00769,Fatima Miller,28-Apr-1946,6885,VERIFIED,MEDIUM
CUST00770,Carlos Johnson,27-Apr-1978,1314,VERIFIED,LOW
CUST00771,Wei Williams,19681128,2975,VERIFIED,LOW
CUST00772,James Brown,03/27/1979,6304,PENDING,LOW
CUST00773,Michael Okafor,1948-01-04,8538,REVIEW,LOW
CUST00774,Wei Martinez,03-Jun-1987,2598,REVIEW,LOW
CUST00775,Sun Brown,22-Apr-1994,7884,REVIEW,LOW
CUST00776,Jose Johnson,10/30/1962,1850,VERIFIED,MEDIUM
CUST00777,James Garcia,11-Feb-1974,9579,VERIFIED,MEDIUM
CUST00778,James Johnson,19661023,9768,VERIFIED,LOW
CUST00779,Linda Garcia,19530111,1497,REVIEW,HIGH
CUST00780,Mary Johnson,13-May-1975,2521,REVIEW,HIGH
CUST00781,John Ivanov,08/21/1954,5189,,LOW
CUST00782,Michael Smith,19840511,5868,REVIEW,LOW
CUST00783,Mary Ivanov,19670629,9159,VERIFIED,HIGH
CUST00784,Michael Lopez,12/20/1988,8906,VERIFIED,LOW
CUST00785,David Mensah,01/09/1987,1128,,LOW
CUST00786,Elizabeth Rodriguez,26-Apr-1985,7439,VERIFIED,HIGH
CUST00787,Jennifer Smith,03-Jan-1979,3912,VERIFIED,LOW
CUST00788,Ravi Nguyen,01/22/2004,8586,REVIEW,MEDIUM
CUST00789,John Mensah,23-Jun-1994,5285,PENDING,LOW
CUST00790,Patricia Kim,1954-11-29,0717,VERIFIED,LOW
CUST00791,Michael Brown,19471022,3139,VERIFIED,LOW
CUST00792,Wei Ivanov,24-Mar-1996,0804,VERIFIED,LOW
CUST00793,Robert Smith,05/13/1999,8051,VERIFIED,MEDIUM
CUST00794,Mary Patel,20020428,6046,REVIEW,LOW
CUST00795,David Kim,2000-05-07,1153,VERIFIED,LOW
CUST00796,Sun Brown,1964-05-15,3784,,MEDIUM
CUST00797,Michael Kim,12/31/1961,9339,REVIEW,LOW
CUST00798,Ravi Khan,1995-02-06,9446,VERIFIED,MEDIUM
CUST00799,Aisha Brown,09/06/2004,2955,,MEDIUM
CUST00800,Maria Garcia,19900412,5772,VERIFIED,HIGH
